Price,Close
2018-01-03,-0.007022857666015625
2018-01-04,0.187530517578125
2018-01-05,0.46181488037110086
2018-01-08,-0.1523895263671946
2018-01-09,-0.004680633544921875
2018-01-10,-0.009380340576171875
2018-01-11,0.23207855224609375
2018-01-12,0.4243011474609304
2018-01-16,-0.2109832763671804
2018-01-17,0.6821670532226562
2018-01-18,0.03749847412109375
2018-01-19,-0.187530517578125
2018-01-22,-0.34224700927734375
2018-01-23,0.009368896484375
2018-01-24,-0.6610565185546875
2018-01-25,-0.7290420532226562
2018-01-26,0.09376907348632812
2018-01-29,-0.8321876525878906
2018-01-30,-0.23207473754882812
2018-01-31,0.10783004760742188
2018-02-01,0.08203887939453125
2018-02-02,-1.7065620422363352
2018-02-05,-0.9400177001953054
2018-02-06,1.5330963134765696
2018-02-07,-0.8181304931640696
2018-02-08,-1.0290756225585938
2018-02-09,0.44484329223633523
2018-02-12,1.4828643798828054
2018-02-13,0.3836555480957031
2018-02-14,0.7131843566894531
2018-02-15,1.322814941406257
2018-02-16,-0.13181304931641336
2018-02-20,-0.13652420043945312
2018-02-21,-0.18359375
2018-02-22,0.33658218383789773
2018-02-23,0.7061386108398366
2018-02-26,0.8167457580566406
2018-02-27,-0.13652801513671875
2018-02-28,-0.06354141235351562
2018-03-01,-0.7343673706054688
2018-03-02,0.2848052978515625
2018-03-05,0.14357757568359375
2018-03-06,-0.03530120849609375
2018-03-07,-0.3860206604003906
2018-03-08,0.4495697021484375
2018-03-09,0.7155418395996094
2018-03-12,0.40953826904296875
2018-03-13,-0.41188812255859375
2018-03-14,-0.3601226806640625
2018-03-15,0.049411773681640625
2018-03-16,-0.1482849121093679
2018-03-19,-0.6402168273925852
2018-03-20,-0.014129638671875
2018-03-21,-0.9344253540039062
2018-03-22,-0.5696144104003835
2018-03-23,-0.9203109741211009
2018-03-26,1.842987060546882
2018-03-27,-1.042705535888679
2018-03-28,-0.43780517578125
2018-03-29,0.3060035705566406
2018-04-02,-0.258930206298821
2018-04-03,0.4024925231933594
2018-04-04,0.7579002380370952
2018-04-05,0.280101776123054
2018-04-06,-1.0403518676757812
2018-04-09,0.39306640625
2018-04-10,0.753204345703125
2018-04-11,-0.19066238403320312
2018-04-12,0.40013885498046875
2018-04-13,0.13888168334960938
2018-04-16,0.25655364990234375
2018-04-17,0.569610595703125
2018-04-18,-0.09415435791015625
2018-04-19,-1.1862869262695312
2018-04-20,-1.66644287109375
2018-04-23,-0.11297988891601562
2018-04-24,-0.5413703918457031
2018-04-25,0.16710662841796875
2018-04-26,0.13417434692382812
2018-04-27,-0.4472160339355469
2018-04-30,0.6919975280761648
2018-05-01,0.903850555419929
2018-05-02,1.7582435607910156
2018-05-03,0.0753173828125
2018-05-04,1.6335067749023438
2018-05-07,0.3130455017089844
2018-05-08,0.20947647094726562
2018-05-09,0.3083534240722656
2018-05-10,0.6307868957519531
2018-05-11,-0.17011260986328125
2018-05-14,-0.103973388671875
2018-05-15,-0.4040336608886719
2018-05-16,0.4111289978027344
2018-05-17,-0.2811851501464844
2018-05-18,-0.1606597900390625
2018-05-21,0.3118858337402344
2018-05-22,-0.11104965209960938
2018-05-23,0.2835235595703125
2018-05-24,-0.049610137939453125
2018-05-25,0.10160064697265625
2018-05-29,-0.1606597900390625
2018-05-30,-0.09451675415039062
2018-05-31,-0.14885711669921875
2018-06-01,0.7962684631347656
2018-06-04,0.37569046020508523
2018-06-05,0.3497009277343679
2018-06-06,0.15830612182617188
2018-06-07,-0.12285995483398438
2018-06-08,-0.41587066650390625
2018-06-11,-0.11104583740234375
2018-06-12,0.24809646606445312
2018-06-13,-0.3733329772949219
2018-06-14,0.023639678955078125
2018-06-15,-0.46311187744140625
2018-06-18,-0.02362823486328125
2018-06-19,-0.7206687927246094
2018-06-20,0.19138717651367188
2018-06-21,-0.24571609497070312
2018-06-22,-0.12760543823242188
2018-06-25,-0.6497764587402415
2018-06-26,0.5340003967285227
2018-06-27,-0.0637969970703125
2018-06-28,0.3166046142578125
2018-06-29,-0.09213638305664062
2018-07-02,0.489105224609375
2018-07-03,-0.7702865600585938
2018-07-05,0.3496856689453125
2018-07-06,0.6072463989257741
2018-07-09,0.6167030334472727
2018-07-10,-0.05434417724609375
2018-07-11,-0.5836029052734375
2018-07-12,0.7442741394042969
2018-07-13,0.07088851928711648
2018-07-16,-0.0992279052734446
2018-07-17,0.12758255004882812
2018-07-18,-0.24810409545898438
2018-07-19,0.3497161865234375
2018-07-20,-0.103973388671875
2018-07-23,0.0401611328125
2018-07-24,0.3284416198730469
2018-07-25,0.43003082275390625
2018-07-26,-0.14413070678710938
2018-07-27,-0.7631912231445312
2018-07-30,-0.2528190612792969
2018-07-31,0.08977127075195312
2018-08-01,2.648731231689453
2018-08-02,1.3917083740234375
2018-08-03,0.14176177978515625
2018-08-06,0.25519561767578125
2018-08-07,-0.4631156921386719
2018-08-08,0.033069610595703125
2018-08-09,0.38515472412110086
2018-08-10,-0.14701461791992898
2018-08-13,0.31772613525390625
2018-08-14,0.20865249633789062
2018-08-15,0.11619186401367188
2018-08-16,0.7303009033203054
2018-08-17,1.0100860595703196
2018-08-20,-0.5026588439941406
2018-08-21,-0.0995941162109375
2018-08-22,0.002376556396484375
2018-08-23,0.10432052612304688
2018-08-24,0.15886688232421875
2018-08-27,0.4220542907714844
2018-08-28,0.417327880859375
2018-08-29,0.7777175903320312
2018-08-30,0.4860687255859375
2018-08-31,0.6164932250976562
2018-09-04,0.17308807373046875
2018-09-05,-0.35329437255859375
2018-09-06,-0.8939056396484375
2018-09-07,-0.4267997741699219
2018-09-10,-0.7042274475097656
2018-09-11,1.3088760375976562
2018-09-12,-0.6591835021972656
2018-09-13,1.2661781311035156
2018-09-14,-0.6093864440917969
2018-09-17,-1.4131851196289062
2018-09-18,0.08536911010742188
2018-09-19,0.03083038330078125
2018-09-20,0.3936004638671875
2018-09-21,-0.56195068359375
2018-09-24,0.7421607971191406
2018-09-25,0.3319549560546875
2018-09-26,-0.41970062255859375
2018-09-27,1.0741195678711009
2018-09-28,0.18731307983397727
2018-10-01,0.36040878295897727
2018-10-02,0.4789733886718821
2018-10-03,0.661529541015625
2018-10-04,-0.9674148559570312
2018-10-05,-0.8773040771484304
2018-10-08,-0.123291015625
2018-10-09,0.735034942626946
2018-10-10,-2.492034912109375
2018-10-11,-0.4528923034667969
2018-10-12,1.816284179687507
2018-10-15,-1.1262741088867259
2018-10-16,1.1357460021972656
2018-10-17,-0.22761917114257812
2018-10-18,-1.225860595703125
2018-10-19,0.7800979614257812
2018-10-22,0.3177223205566406
2018-10-23,0.4931831359863281
2018-10-24,-1.8115234375
2018-10-25,1.1168060302734375
2018-10-26,-0.82989501953125
2018-10-29,-0.9626617431640554
2018-10-30,0.25132369995116477
2018-10-31,1.3183403015136719
2018-11-01,0.7966957092285227
2018-11-02,-3.4950103759765696
2018-11-05,-1.3965835571289062
2018-11-06,0.5169029235839844
2018-11-07,1.4653282165527415
2018-11-08,-0.17368698120117898
2018-11-09,-0.956501007080071
2018-11-12,-2.450775146484382
2018-11-13,-0.46160125732421875
2018-11-14,-1.292003631591804
2018-11-15,1.0968971252441477
2018-11-16,0.5044288635253906
2018-11-19,-1.824981689453125
2018-11-20,-2.1128921508789062
2018-11-21,-0.04758453369140625
2018-11-23,-1.0683403015136719
2018-11-26,0.5543899536132812
2018-11-27,-0.090423583984375
2018-11-28,1.5941810607910156
2018-11-29,-0.3307228088378906
2018-11-30,-0.23079681396484375
2018-12-03,1.4847335815429688
2018-12-04,-1.9344367980957031
2018-12-06,-0.468738555908196
2018-12-07,-1.482360839843757
2018-12-10,0.2641029357910156
2018-12-11,-0.23078536987304688
2018-12-12,0.1118316650390625
2018-12-13,0.4401702880859304
2018-12-14,-1.3015213012695241
2018-12-17,-0.3664207458496094
2018-12-18,0.5068130493164062
2018-12-19,-1.2325210571289062
2018-12-20,-0.9660301208496165
2018-12-21,-1.451416015624993
2018-12-24,-0.9279594421386719
2018-12-26,2.4602699279785156
2018-12-27,-0.24268341064453125
2018-12-28,0.019023895263671875
2018-12-31,0.3592872619628906
2019-01-02,0.0428314208984375
2019-01-03,-3.742767333984375
2019-01-04,1.4442901611328125
2019-01-07,-0.07852554321289062
2019-01-08,0.6709823608398438
2019-01-09,0.6091270446777344
2019-01-10,0.1165924072265696
2019-01-11,-0.35929107666016336
2019-01-14,-0.5448684692382812
2019-01-15,0.7304649353027344
2019-01-16,0.44493865966796875
2019-01-17,0.21891021728515625
2019-01-18,0.2284088134765625
2019-01-22,-0.8375396728515554
2019-01-23,0.14752578735350852
2019-01-24,-0.29029083251953125
2019-01-25,1.2039833068847656
2019-01-28,-0.3474006652832031
2019-01-29,-0.3854522705078125
2019-01-30,2.5150070190429688
2019-01-31,0.28314208984375
2019-02-01,0.019031524658203125
2019-02-04,1.1254501342773509
2019-02-05,0.6971549987792898
2019-02-06,0.01427459716796875
2019-02-07,-0.7851943969726491
2019-02-08,0.047805786132805395
2019-02-11,-0.23418807983398438
2019-02-12,0.3488731384277344
2019-02-13,-0.16965484619140625
2019-02-14,0.1481475830078196
2019-02-15,-0.09079742431641336
2019-02-19,0.1218719482421946
2019-02-20,0.2628479003906179
2019-02-21,-0.23179244995117188
2019-02-22,0.45641326904296875
2019-02-25,0.3010826110839844
2019-02-26,0.02390289306640625
2019-02-27,0.12903976440429688
2019-02-28,-0.4110107421874929
2019-03-01,0.43489837646483664
2019-03-04,0.2102966308593679
2019-03-05,-0.07647323608397727
2019-03-06,-0.2413482666015625
2019-03-07,-0.48270797729491477
2019-03-08,0.09798431396483664
2019-03-11,1.4313621520996094
2019-03-12,0.48030853271484375
2019-03-13,0.19116973876953125
2019-03-14,0.482696533203125
2019-03-15,0.5711021423339844
2019-03-18,0.4540252685546875
2019-03-19,-0.3560485839843679
2019-03-20,0.38950347900389914
2019-03-21,1.6559906005859375
2019-03-22,-0.9654045104980469
2019-03-25,-0.5519866943359375
2019-03-26,-0.4659767150878835
2019-03-27,0.40145111083983664
2019-03-28,0.0597381591796875
2019-03-29,0.2939300537109375
2019-04-01,0.30825042724609375
2019-04-02,0.664306640625
2019-04-03,0.3178138732910156
2019-04-04,0.08125686645507812
2019-04-05,0.3130187988281321
2019-04-08,0.74078369140625
2019-04-09,-0.14337921142579546
2019-04-10,0.26764297485352273
2019-04-11,-0.3990745544433594
2019-04-12,-0.019123077392578125
2019-04-15,0.08603286743164062
2019-04-16,0.004779815673828125
2019-04-17,0.9271621704101562
2019-04-18,0.17444610595703125
2019-04-22,0.16010665893555398
2019-04-23,0.7049217224120952
2019-04-24,-0.07646560668944602
2019-04-25,-0.4492530822753906
2019-04-26,-0.2341766357421875
2019-04-29,0.07407760620117188
2019-04-30,-0.941497802734375
2019-05-01,2.3537445068359375
2019-05-02,-0.3273658752441406
2019-05-03,0.6212959289550781
2019-05-06,-0.7813987731933594
2019-05-07,-1.3429489135742188
2019-05-08,0.009555816650390625
2019-05-09,-0.52093505859375
2019-05-10,-0.6644630432128906
2019-05-13,-2.749004364013672
2019-05-14,0.7052345275878906
2019-05-15,0.5421295166015625
2019-05-16,-0.20149612426757812
2019-05-17,-0.2590637207031179
2019-05-20,-1.417694091796882
2019-05-21,0.8419876098632812
2019-05-22,-0.9163436889648438
2019-05-23,-0.7484169006347656
2019-05-24,-0.16552352905273438
2019-05-28,-0.17750167846679688
2019-05-29,-0.2039031982421875
2019-05-30,0.22067642211913352
2019-05-31,-0.7748069763183523
2019-06-03,-0.424591064453125
2019-06-04,1.5208473205566406
2019-06-05,0.695648193359375
2019-06-06,0.6428718566894531
2019-06-07,1.1825942993164134
2019-06-10,0.5829086303710866
2019-06-11,0.5349311828613352
2019-06-12,-0.14872360229493609
2019-06-13,-0.009590148925774145
2019-06-14,-0.33821868896484375
2019-06-17,0.2758522033691406
2019-06-18,1.0938453674316406
2019-06-19,-0.13913726806640625
2019-06-20,0.3814201354980469
2019-06-21,-0.16312408447265625
2019-06-24,-0.047966003417961645
2019-06-25,-0.7220420837402415
2019-06-26,1.0146827697753906
2019-06-27,-0.014381408691399145
2019-06-28,-0.43658828735352273
2019-07-01,0.8707618713378906
2019-07-02,0.2830543518066406
2019-07-03,0.40300369262696023
2019-07-05,-0.04317092895508523
2019-07-08,-1.0098991394042969
2019-07-09,0.2926483154296875
2019-07-10,0.47734832763671875
2019-07-11,-0.3550071716308594
2019-07-12,0.3718147277832031
2019-07-15,0.45816802978515625
2019-07-16,-0.17032241821288352
2019-07-17,-0.27585220336914773
2019-07-18,0.5541191101074219
2019-07-19,-0.7364425659179688
2019-07-22,1.1106529235839844
2019-07-23,0.3886070251464844
2019-07-24,-0.040782928466796875
2019-07-25,-0.3958015441894531
2019-07-26,0.17270660400390625
2019-07-29,0.4653663635253906
2019-07-30,-0.21588516235351562
2019-07-31,1.0218887329101562
2019-08-01,-1.1058502197265625
2019-08-02,-1.0578651428222585
2019-08-05,-2.5619087219238352
2019-08-06,0.8779525756835938
2019-08-07,0.4893531799316406
2019-08-08,1.053070068359375
2019-08-09,-0.40210723876953125
2019-08-12,-0.12282180786132812
2019-08-13,2.0443267822265625
2019-08-14,-1.4977264404296875
2019-08-15,-0.24318695068359375
2019-08-16,1.1461601257324219
2019-08-19,0.9270439147949219
2019-08-20,0.0023956298828196054
2019-08-21,0.5490074157714773
2019-08-22,-0.04334259033203125
2019-08-23,-2.364551544189446
2019-08-26,0.9270362854003835
2019-08-27,-0.56103515625
2019-08-28,0.32987213134765625
2019-08-29,0.83795166015625
2019-08-30,-0.0650177001953125
2019-09-03,-0.7320022583007812
2019-09-04,0.8403625488281321
2019-09-05,0.9848403930663991
2019-09-06,-0.004817962646484375
2019-09-09,0.21912002563476562
2019-09-10,0.60919189453125
2019-09-11,1.6590499877929688
2019-09-12,-0.12039947509765625
2019-09-13,-1.0450248718261719
2019-09-16,0.2769050598144531
2019-09-17,0.19263458251953836
2019-09-18,0.4984321594238139
2019-09-19,-0.43582916259764914
2019-09-20,-0.7777557373046875
2019-09-23,0.2383880615234375
2019-09-24,-0.25042724609375
2019-09-25,0.8066482543945312
2019-09-26,-0.2744903564453125
2019-09-27,-0.2576446533203125
2019-09-30,1.2400588989257812
2019-10-01,0.14928817749023438
2019-10-02,-1.3556556701660156
2019-10-03,0.4478759765624929
2019-10-04,1.490489959716804
2019-10-07,0.012054443359375
2019-10-08,-0.6405143737792969
2019-10-09,0.6332817077636719
2019-10-10,0.73681640625
2019-10-11,1.4736366271972656
2019-10-14,-0.0818634033203125
2019-10-15,-0.13243865966796875
2019-10-16,-0.22875213623046875
2019-10-17,0.21912002563476562
2019-10-18,0.27210235595703125
2019-10-21,0.9872474670410156
2019-10-22,-0.1324462890625
2019-10-23,0.7753372192382812
2019-10-24,0.0963287353515625
2019-10-25,0.7223663330078196
2019-10-28,0.5947532653808523
2019-10-29,-1.3869552612304616
2019-10-30,-0.00722885131836648
2019-10-31,1.3243522644042898
2019-11-01,1.6999778747558665
2019-11-04,0.4045295715332031
2019-11-05,-0.0890960693359375
2019-11-06,0.02648162841796875
2019-11-07,0.7148895263671875
2019-11-08,0.17148208618164062
2019-11-11,0.4975128173828125
2019-11-12,-0.057956695556640625
2019-11-13,0.6061859130859446
2019-11-14,-0.44197463989258523
2019-11-15,0.7535133361816406
2019-11-18,0.32363128662109375
2019-11-19,-0.19561004638671875
2019-11-20,-0.7487068176269531
2019-11-21,-0.2849693298339844
2019-11-22,-0.055568695068359375
2019-11-25,1.1085853576660156
2019-11-26,-0.5023765563964844
2019-11-27,0.8574104309082031
2019-11-29,-0.14253997802734375
2019-12-02,-0.7462615966796875
2019-12-03,-1.1375198364257812
2019-12-04,0.553070068359375
2019-12-05,0.927398681640625
2019-12-06,1.2389373779296875
2019-12-09,-0.9153060913085938
2019-12-10,0.37677764892578125
2019-12-11,0.55303955078125
2019-12-12,0.16663360595703125
2019-12-13,0.891204833984375
2019-12-16,1.1374969482421875
2019-12-17,0.132843017578125
2019-12-18,-0.16179656982421875
2019-12-19,0.06760406494140625
2019-12-20,-0.14005279541015625
2019-12-23,1.1012725830078125
2019-12-24,0.06520843505859375
2019-12-26,1.3621597290039062
2019-12-27,-0.026580810546875
2019-12-30,0.41539764404296875
2019-12-31,0.5144424438476562
2020-01-02,1.6181411743164062
2020-01-03,-0.7052230834960938
2020-01-06,0.5723648071289062
2020-01-07,-0.3404998779296875
2020-01-08,1.1592254638671875
2020-01-09,1.55535888671875
2020-01-10,0.1690673828125
2020-01-13,1.601226806640625
2020-01-14,-1.0336685180664062
2020-01-15,-0.323638916015625
2020-01-16,0.9419174194335938
2020-01-17,0.8428878784179688
2020-01-21,-0.5216751098632812
2020-01-22,0.27292633056640625
2020-01-23,0.36948394775390625
2020-01-24,-0.2221832275390625
2020-01-27,-2.2605514526367188
2020-01-28,2.1108169555664062
2020-01-29,1.6060638427734375
2020-01-30,-0.113494873046875
2020-01-31,-3.4681396484375
2020-02-03,-0.205291748046875
2020-02-04,2.4610137939453125
2020-02-05,0.6279449462890625
2020-02-06,0.9080886840820312
2020-02-07,-1.0676116943359375
2020-02-10,0.36794281005859375
2020-02-11,-0.46962738037109375
2020-02-12,1.8374404907226562
2020-02-13,-0.5640716552734375
2020-02-14,0.0193939208984375
2020-02-18,-1.4404373168945312
2020-02-19,1.1184234619140625
2020-02-20,-0.8037185668945312
2020-02-21,-1.7551116943359375
2020-02-24,-3.5998001098632812
2020-02-25,-2.4451065063476562
2020-02-26,1.1063232421875
2020-02-27,-4.631111145019531
2020-02-28,-0.03871917724609375
2020-03-02,6.161102294921875
2020-03-03,-2.2974014282226562
2020-03-04,3.2488174438476562
2020-03-05,-2.3773040771484375
2020-03-06,-0.9417190551757812
2020-03-09,-5.534095764160156
2020-03-10,4.6407928466796875
2020-03-11,-2.3990478515625
2020-03-12,-6.584774017333984
2020-03-13,7.199649810791016
2020-03-16,-8.65700912475586
2020-03-17,2.578216552734375
2020-03-18,-1.4985122680664062
2020-03-19,-0.457550048828125
2020-03-20,-3.762004852294922
2020-03-23,-1.1789779663085938
2020-03-24,5.449371337890625
2020-03-25,-0.32923126220703125
2020-03-26,3.127758026123047
2020-03-27,-2.5903282165527344
2020-03-30,1.7115516662597656
2020-03-31,-0.12588882446289062
2020-04-01,-3.2391128540039062
2020-04-02,0.9731788635253906
2020-04-03,-0.8521385192871094
2020-04-06,5.0983428955078125
2020-04-07,-0.7359466552734375
2020-04-08,1.60748291015625
2020-04-09,0.46478271484375
2020-04-13,1.2733612060546875
2020-04-14,3.3407821655273438
2020-04-15,-0.634246826171875
2020-04-16,0.5471115112304688
2020-04-17,-0.9417037963867188
2020-04-20,-1.4210586547851562
2020-04-21,-2.0722732543945312
2020-04-22,1.8713302612304688
2020-04-23,-0.259033203125
2020-04-24,1.9221954345703125
2020-04-27,0.04840087890625
2020-04-28,-1.1111679077148438
2020-04-29,2.215087890625
2020-04-30,1.4694595336914062
2020-05-01,-1.145050048828125
2020-05-04,0.9901351928710938
2020-05-05,1.0651702880859375
2020-05-06,0.7432022094726562
2020-05-07,0.7528762817382812
2020-05-08,1.7501983642578125
2020-05-11,1.1845550537109375
2020-05-12,-0.8738861083984375
2020-05-13,-0.9127044677734375
2020-05-14,0.45880126953125
2020-05-15,-0.444244384765625
2020-05-18,1.7599029541015625
2020-05-19,-0.44178009033203125
2020-05-20,1.4782943725585938
2020-05-21,-0.5777359008789062
2020-05-22,0.4951934814453125
2020-05-26,-0.5243148803710938
2020-05-27,0.33496856689453125
2020-05-28,0.03399658203125
2020-05-29,-0.07524871826171875
2020-06-01,0.9491043090820312
2020-06-02,0.3616943359375
2020-06-03,0.4320831298828125
2020-06-04,-0.6796875
2020-06-05,2.2283706665039062
2020-06-08,0.47576141357421875
2020-06-09,2.55609130859375
2020-06-10,2.1482772827148438
2020-06-11,-4.1120452880859375
2020-06-12,0.7039108276367188
2020-06-15,1.0171127319335938
2020-06-16,2.2065200805664062
2020-06-17,-0.1189422607421875
2020-06-18,0.03398895263671875
2020-06-19,-0.4878997802734375
2020-06-22,2.2210693359375
2020-06-23,1.8594131469726562
2020-06-24,-1.5705642700195312
2020-06-25,1.1603317260742188
2020-06-26,-2.7211456298828125
2020-06-29,1.9783477783203125
2020-06-30,0.7330780029296875
2020-07-01,-0.16748809814453125
2020-07-02,0.0
2020-07-06,2.3643112182617188
2020-07-07,-0.2815704345703267
2020-07-08,2.1069793701172017
2020-07-09,0.39810943603517046
2020-07-10,0.1626281738281108
2020-07-13,-0.4296417236328125
2020-07-14,1.53411865234375
2020-07-15,0.648124694824233
2020-07-16,-1.167594909667983
2020-07-17,-0.1893463134765625
2020-07-20,1.971076965332017
2020-07-21,-1.3180999755859233
2020-07-22,0.26458740234375
2020-07-23,-4.298942565917969
2020-07-24,-0.22333526611328125
2020-07-27,2.1312713623046875
2020-07-28,-1.5122680664062642
2020-07-29,1.735595703125
2020-07-30,1.1166152954101562
2020-07-31,9.777641296386719
2020-08-03,2.599754333496108
2020-08-04,0.7063827514648438
2020-08-05,0.3859710693359375
2020-08-06,3.728507995605483
2020-08-07,-2.514465332031264
2020-08-10,1.5709381103515625
2020-08-11,-3.2610626220702983
2020-08-12,3.5358352661132812
2020-08-13,1.9454727172851562
2020-08-14,-0.09973144531252842
2020-08-17,-0.29181671142575283
2020-08-18,0.9289474487304545
2020-08-19,0.14104461669921875
2020-08-20,2.4974365234375
2020-08-21,5.9287261962890625
2020-08-24,1.446929931640625
2020-08-25,-1.0043411254882812
2020-08-26,1.6511917114257812
2020-08-27,-1.4712371826171875
2020-08-28,-0.19698333740232954
2020-08-31,4.1170272827148295
2020-09-01,4.999786376953125
2020-09-02,-2.7041397094726562
2020-09-03,-10.233016967773438
2020-09-04,0.07779693603515625
2020-09-08,-7.917900085449219
2020-09-09,4.377220153808594
2020-09-10,-3.7255172729492188
2020-09-11,-1.449333190917983
2020-09-14,3.268325805664091
2020-09-15,0.17507171630857954
2020-09-16,-3.31695556640625
2020-09-17,-1.7411422729492188
2020-09-18,-3.404533386230483
2020-09-21,3.1516189575195455
2020-09-22,1.6828079223632812
2020-09-23,-4.5620574951171875
2020-09-24,1.0699996948242045
2020-09-25,3.94921875
2020-09-28,2.606872558593764
2020-09-29,-0.8462600708007812
2020-09-30,1.673095703125
2020-10-01,0.953254699707017
2020-10-02,-3.6671447753905966
2020-10-05,3.385047912597642
2020-10-06,-3.2488632202148438
2020-10-07,1.8676223754882812
2020-10-08,-0.107025146484375
2020-10-09,1.9454421997070312
2020-10-12,7.2273025512695455
2020-10-13,-3.2099685668945455
2020-10-14,0.08753204345701704
2020-10-15,-0.4669036865234375
2020-10-16,-1.6438827514648438
2020-10-19,-2.9570541381835795
2020-10-20,1.4882431030273438
2020-10-21,-0.622528076171875
2020-10-22,-1.0894622802734375
2020-10-23,-0.6906433105468892
2020-10-26,0.009750366210965922
2020-10-27,1.507728576660142
2020-10-28,-5.2526931762695455
2020-10-29,4.007598876953139
2020-10-30,-6.283752441406264
2020-11-02,-0.08754730224607954
2020-11-03,1.62445068359375
2020-11-04,4.3869552612304545
2020-11-05,3.9686965942382955
2020-11-06,-0.13155364990232954
2020-11-09,-2.309310913085966
2020-11-10,-0.34104156494139204
2020-11-11,3.42987060546875
2020-11-12,-0.27285003662109375
2020-11-13,0.04872894287109375
2020-11-16,1.0133972167968892
2020-11-17,-0.886711120605483
2020-11-18,-1.3251876831054688
2020-11-19,0.5943679809570312
2020-11-20,-1.2667236328125
2020-11-23,-3.4006271362304688
2020-11-24,1.2862091064453267
2020-11-25,0.837989807128892
2020-11-27,0.5456466674804688
2020-11-30,2.3970184326172017
2020-12-01,3.5760345458984375
2020-12-02,0.3507995605468608
2020-12-03,-0.13643646240234375
2020-12-04,-0.6723098754882812
2020-12-07,1.4615859985351562
2020-12-08,0.6138687133789062
2020-12-09,-2.5334396362304545
2020-12-10,1.4225997924804545
2020-12-11,-0.808723449707017
2020-12-14,-0.6138763427734375
2020-12-15,5.943832397460909
2020-12-16,-0.06822967529295454
2020-12-17,0.867218017578125
2020-12-18,-1.9877624511718892
2020-12-21,1.52978515625
2020-12-22,3.5565567016601705
2020-12-23,-0.8964385986328125
2020-12-24,0.984130859375
2020-12-28,4.5991668701171875
2020-12-29,-1.7734375
2020-12-30,-1.1205596923828125
2020-12-31,-1.00360107421875
2021-01-04,-3.1960372924804545
2021-01-05,1.5590438842773295
2021-01-06,-4.2970809936523295
2021-01-07,4.209388732910156
2021-01-08,1.1010742187499858
2021-01-11,-2.99139404296875
2021-01-12,-0.17540740966795454
2021-01-13,2.0365142822265625
2021-01-14,-1.9293289184570455
2021-01-15,-1.7246780395507812
2021-01-19,0.6723403930664062
2021-01-20,4.092437744140625
2021-01-21,4.7161102294921875
2021-01-22,2.1436920166015625
2021-01-25,3.75140380859375
2021-01-26,0.2338409423828125
2021-01-27,-1.0718536376953125
2021-01-28,-4.84271240234375
2021-01-29,-4.9986724853515625
2021-02-01,2.124176025390625
2021-02-02,0.8282623291015625
2021-02-03,-1.023101806640625
2021-02-04,3.3616180419921875
2021-02-05,-0.4147186279296875
2021-02-08,0.146392822265625
2021-02-09,-0.878265380859375
2021-02-10,-0.6050872802734375
2021-02-11,-0.253692626953125
2021-02-12,0.234222412109375
2021-02-16,-2.12738037109375
2021-02-17,-2.2932510375976562
2021-02-18,-1.1027145385742188
2021-02-19,0.156158447265625
2021-02-22,-3.776550292968736
2021-02-23,-0.13661956787110796
2021-02-24,-0.4976806640625
2021-02-25,-4.2547149658203125
2021-02-26,0.26348876953125
2021-03-01,6.3723297119140625
2021-03-02,-2.6055526733398438
2021-03-03,-2.9861068725585938
2021-03-04,-1.8833999633789062
2021-03-05,1.2588729858398438
2021-03-08,-4.937828063964844
2021-03-09,4.6157684326171875
2021-03-10,-1.0831756591796875
2021-03-11,1.9321823120117188
2021-03-12,-0.9075546264648295
2021-03-15,2.888519287109361
2021-03-16,1.5418548583984375
2021-03-17,-0.790435791015625
2021-03-18,-4.127853393554702
2021-03-19,-0.5269622802734375
2021-03-22,3.317901611328139
2021-03-23,-0.8294754028320312
2021-03-24,-2.3908309936523438
2021-03-25,0.48790740966795454
2021-03-26,0.6050262451172017
2021-03-29,0.1756744384765625
2021-03-30,-1.454010009765625
2021-03-31,2.1956558227539062
2021-04-01,0.8294754028320312
2021-04-05,2.8299560546875
2021-04-06,0.3025054931640625
2021-04-07,1.649200439453125
2021-04-08,2.4005813598632812
2021-04-09,2.576263427734375
2021-04-12,-1.7175140380859375
2021-04-13,3.112945556640625
2021-04-14,-2.3419952392578125
2021-04-15,2.410369873046875
2021-04-16,-0.3318023681640625
2021-04-19,0.663604736328125
2021-04-20,-1.6882781982421875
2021-04-21,0.380615234375
2021-04-22,-1.5223236083984375
2021-04-23,2.322509765625
2021-04-26,0.390350341796875
2021-04-27,-0.3220672607421875
2021-04-28,-0.7904205322265625
2021-04-29,-0.0975799560546875
2021-04-30,-1.971221923828125
2021-05-03,1.053924560546875
2021-05-04,-4.576751708984375
2021-05-05,0.24398040771484375
2021-05-06,1.6004028320312642
2021-05-07,0.6744766235351562
2021-05-10,-3.284446716308608
2021-05-11,-0.9188537597656392
2021-05-12,-3.0693817138671733
2021-05-13,2.150520324707017
2021-05-14,2.4242324829101562
2021-05-17,-1.1534729003906108
2021-05-18,-1.388069152832017
2021-05-19,-0.15640258789065342
2021-05-20,2.561065673828125
2021-05-21,-1.8377075195312358
2021-05-24,1.6324462890625
2021-05-25,-0.1955261230468608
2021-05-26,-0.04885101318360796
2021-05-27,-1.5346832275390767
2021-05-28,-0.654945373535142
2021-06-01,-0.32257843017578125
2021-06-02,0.7624435424804688
2021-06-03,-1.4857940673828267
2021-06-04,2.2971572875976705
2021-06-07,0.00975799560546875
2021-06-08,0.82110595703125
2021-06-09,0.3812408447265767
2021-06-10,-0.9970703125
2021-06-11,1.2121124267577983
2021-06-14,3.059600830078125
2021-06-15,-0.8210983276367188
2021-06-16,0.49852752685546875
2021-06-17,1.60308837890625
2021-06-18,-1.300079345703125
2021-06-21,1.79864501953125
2021-06-22,1.6421966552734375
2021-06-23,-0.2736968994140625
2021-06-24,-0.2834320068359375
2021-06-25,-0.2933197021484375
2021-06-28,1.6324462890625
2021-06-29,1.5151519775390625
2021-06-30,0.6158447265625
2021-07-01,0.30303955078125
2021-07-02,2.6295013427734375
2021-07-06,2.013641357421875
2021-07-07,2.49267578125
2021-07-08,-1.3001251220703125
2021-07-09,1.8279876708984375
2021-07-12,-0.5962677001953125
2021-07-13,1.1143341064453125
2021-07-14,3.431060791015625
2021-07-15,-0.6549835205078125
2021-07-16,-2.0429840087890625
2021-07-19,-3.851409912109375
2021-07-20,3.6168365478515625
2021-07-21,-0.733123779296875
2021-07-22,1.3685150146484375
2021-07-23,1.7203826904296875
2021-07-26,0.420318603515625
2021-07-27,-2.1700286865234375
2021-07-28,-1.7497406005859375
2021-07-29,0.6451568603515625
2021-07-30,0.2150421142578125
2021-08-02,-0.3323516845703125
2021-08-03,1.79864501953125
2021-08-04,-0.40081787109375
2021-08-05,0.1075286865234375
2021-08-06,-0.685272216796875
2021-08-09,-0.0489501953125
2021-08-10,-0.47967529296875
2021-08-11,0.2545166015625
2021-08-12,2.966278076171875
2021-08-13,0.205596923828125
2021-08-16,1.9775238037109375
2021-08-17,-0.9104461669921875
2021-08-18,-3.74945068359375
2021-08-19,0.33282470703125
2021-08-20,1.4586944580078125
2021-08-23,1.4880218505859375
2021-08-24,-0.088104248046875
2021-08-25,-1.2335052490234375
2021-08-26,-0.802764892578125
2021-08-27,1.0377197265625
2021-08-30,4.4249725341796875
2021-08-31,-1.262908935546875
2021-09-01,0.665740966796875
2021-09-02,1.1160430908203125
2021-09-03,0.636322021484375
2021-09-07,2.3397674560546875
2021-09-08,-1.5467987060546875
2021-09-09,-1.0181427001953125
2021-09-10,-4.9927520751953125
2021-09-13,0.567779541015625
2021-09-14,-1.399932861328125
2021-09-15,0.890869140625
2021-09-16,-0.2349700927734375
2021-09-17,-2.6725921630859375
2021-09-20,-3.05438232421875
2021-09-21,0.479736328125
2021-09-22,2.369049072265625
2021-09-23,0.9594268798828125
2021-09-24,0.088104248046875
2021-09-27,-1.517425537109375
2021-09-28,-3.387237548828125
2021-09-29,0.9006500244140625
2021-09-30,-1.3020172119140625
2021-10-01,1.1257781982421875
2021-10-04,-3.43621826171875
2021-10-05,1.9286346435546875
2021-10-06,0.8712615966796875
2021-10-07,1.2628936767578125
2021-10-08,-0.3817901611328125
2021-10-11,-0.0880889892578125
2021-10-12,-1.2726898193359375
2021-10-13,-0.5874176025390625
2021-10-14,2.7900848388671875
2021-10-15,1.0573272705078125
2021-10-18,1.6740264892578125
2021-10-19,2.1635284423828125
2021-10-20,0.48944091796875
2021-10-21,0.215423583984375
2021-10-22,-0.77337646484375
2021-10-25,-0.048980712890625
2021-10-26,0.665740966796875
2021-10-27,-0.4600830078125
2021-10-28,3.641754150390625
2021-10-29,-2.7117767333984375
2021-11-01,-0.8223419189453125
2021-11-02,1.037689208984375
2021-11-03,1.4391632080078125
2021-11-04,-0.51885986328125
2021-11-05,0.5293731689453125
2021-11-08,-0.8235321044921875
2021-11-09,0.36273193359375
2021-11-10,-2.8333740234375
2021-11-11,-0.0489959716796875
2021-11-12,2.0784454345703125
2021-11-15,0.0098114013671875
2021-11-16,0.980377197265625
2021-11-17,2.44122314453125
2021-11-18,4.2941741943359375
2021-11-19,2.6274871826171875
2021-11-22,0.4607696533203125
2021-11-23,0.382354736328125
2021-11-24,0.519622802734375
2021-11-26,-5.0294647216796875
2021-11-29,3.362762451171875
2021-11-30,4.960845947265625
2021-12-01,-0.5196075439453125
2021-12-02,-0.990203857421875
2021-12-03,-1.8823699951171875
2021-12-06,3.41180419921875
2021-12-07,5.745147705078125
2021-12-08,3.8235931396484375
2021-12-09,-0.5098114013671875
2021-12-10,4.7941436767578125
2021-12-13,-3.6372528076171875
2021-12-14,-1.38238525390625
2021-12-15,4.8726348876953125
2021-12-16,-6.902099609375
2021-12-17,-1.0980377197265625
2021-12-20,-1.3627471923828125
2021-12-21,3.1764984130859375
2021-12-22,2.59808349609375
2021-12-23,0.6274261474609375
2021-12-27,3.97064208984375
2021-12-28,-1.019622802734375
2021-12-29,0.0882568359375
2021-12-30,-1.156890869140625
2021-12-31,-0.61767578125
2022-01-03,4.3530120849609375
2022-01-04,-2.26470947265625
2022-01-05,-4.6863250732421875
2022-01-06,-2.86279296875
2022-01-07,0.1666717529296875
2022-01-10,0.01959228515625
2022-01-11,2.8333892822265625
2022-01-12,0.441162109375
2022-01-13,-3.2745513916015625
2022-01-14,0.86279296875
2022-01-18,-3.2059326171875
2022-01-19,-3.5000457763671875
2022-01-20,-1.686309814453125
2022-01-21,-2.058837890625
2022-01-24,-0.7745361328125
2022-01-25,-1.8039398193359375
2022-01-26,-0.088226318359375
2022-01-27,-0.460784912109375
2022-01-28,10.892288208007812
2022-01-31,4.3627777099609375
2022-02-01,-0.1667022705078125
2022-02-02,1.2059173583984375
2022-02-03,-2.8823699951171875
2022-02-04,-0.28466796875
2022-02-07,-0.7165985107421875
2022-02-08,3.1118316650390625
2022-02-09,1.4233551025390625
2022-02-10,-4.083648681640625
2022-02-11,-3.416107177734375
2022-02-14,0.235565185546875
2022-02-15,3.8382568359375
2022-02-16,-0.2355804443359375
2022-02-17,-3.6026763916015625
2022-02-18,-1.551025390625
2022-02-22,-2.92529296875
2022-02-23,-4.172027587890625
2022-02-24,2.6210174560546875
2022-02-25,2.0712890625
2022-02-28,0.265045166015625
2022-03-01,-1.884796142578125
2022-03-02,3.2983551025390625
2022-03-03,-0.32391357421875
2022-03-04,-3.00384521484375
2022-03-07,-3.7990570068359375
2022-03-08,-1.8258514404296875
2022-03-09,5.4088592529296875
2022-03-10,-4.348663330078125
2022-03-11,-3.720458984375
2022-03-14,-4.034576416015625
2022-03-15,4.387969970703125
2022-03-16,4.41741943359375
2022-03-17,1.0111236572265625
2022-03-18,3.2983245849609375
2022-03-21,1.37432861328125
2022-03-22,3.37689208984375
2022-03-23,1.364471435546875
2022-03-24,3.789215087890625
2022-03-25,0.6380767822265625
2022-03-28,0.86383056640625
2022-03-29,3.29833984375
2022-03-30,-1.1681365966796875
2022-03-31,-3.1020660400390625
2022-04-01,-0.2944793701171875
2022-04-04,4.054229736328125
2022-04-05,-3.3179779052734375
2022-04-06,-3.170745849609375
2022-04-07,0.3042755126953125
2022-04-08,-2.0123291015625
2022-04-11,-4.2603759765625
2022-04-12,1.874969482421875
2022-04-13,2.6896820068359375
2022-04-14,-5.0162200927734375
2022-04-18,-0.2159423828125
2022-04-19,2.2872314453125
2022-04-20,-0.1669158935546875
2022-04-21,-0.7951507568359375
2022-04-22,-4.5450286865234375
2022-04-25,1.07000732421875
2022-04-26,-5.9684600830078125
2022-04-27,-0.2257232666015625
2022-04-28,6.94024658203125
2022-04-29,-5.880096435546875
2022-05-02,0.3043060302734375
2022-05-03,1.49212646484375
2022-05-04,6.4199981689453125
2022-05-05,-9.080245971679688
2022-05-06,0.7274627685546875
2022-05-09,-5.1317596435546875
2022-05-10,2.4085845947265625
2022-05-11,-7.8745880126953125
2022-05-12,-3.8734130859375
2022-05-13,4.473114013671875
2022-05-16,-1.5434722900390625
2022-05-17,3.6374359130859375
2022-05-18,-8.277618408203125
2022-05-19,-3.411376953125
2022-05-20,0.2359466552734375
2022-05-23,5.426666259765625
2022-05-24,-2.7034759521484375
2022-05-25,0.15728759765625
2022-05-26,3.2048797607421875
2022-05-27,5.76092529296875
2022-05-31,-0.7864532470703125
2022-06-01,-0.1278076171875
2022-06-02,2.457733154296875
2022-06-03,-5.731414794921875
2022-06-06,0.74713134765625
2022-06-07,2.52655029296875
2022-06-08,-0.7373046875
2022-06-09,-5.2301025390625
2022-06-10,-5.41680908203125
2022-06-13,-5.1612548828125
2022-06-14,0.8651123046875
2022-06-15,2.624908447265625
2022-06-16,-5.279235839843736
2022-06-17,1.4746246337890483
2022-06-21,4.2371368408203125
2022-06-22,-0.5111846923828125
2022-06-23,2.870574951171875
2022-06-24,3.3327484130859375
2022-06-27,0.0
2022-06-28,-4.148681640625
2022-06-29,1.75970458984375
2022-06-30,-2.467559814453125
2022-07-01,2.172637939453125
2022-07-05,2.5855712890625
2022-07-06,1.337005615234375
2022-07-07,3.3720245361328125
2022-07-08,0.6782989501953125
2022-07-11,-2.1333160400390625
2022-07-12,0.973297119140625
2022-07-13,-0.363739013671875
2022-07-14,2.9296112060546875
2022-07-15,1.6712799072265625
2022-07-18,-3.047607421875
2022-07-19,3.863555908203125
2022-07-20,2.0055084228515625
2022-07-21,2.270965576171875
2022-07-22,-1.2387542724609375
2022-07-25,-1.1206817626953125
2022-07-26,-1.3271942138671875
2022-07-27,5.10223388671875
2022-07-28,0.550567626953125
2022-07-29,5.0727691650390625
2022-08-01,-0.9831085205078125
2022-08-02,-1.474639892578125
2022-08-03,6.0165557861328125
2022-08-04,-0.314605712890625
2022-08-05,-0.226409912109375
2022-08-08,-0.472564697265625
2022-08-09,0.0492401123046875
2022-08-10,4.2528839111328125
2022-08-11,-0.7383880615234375
2022-08-12,3.5539398193359375
2022-08-15,1.0730133056640625
2022-08-16,-0.157470703125
2022-08-17,1.496337890625
2022-08-18,-0.3937530517578125
2022-08-19,-2.589141845703125
2022-08-22,-3.8886260986328125
2022-08-23,-0.3347015380859375
2022-08-24,0.2953338623046875
2022-08-25,2.4611358642578125
2022-08-26,-6.3103485107421875
2022-08-29,-2.2052154541015625
2022-08-30,-2.431610107421875
2022-08-31,-1.6637420654296875
2022-09-01,0.7285308837890625
2022-09-02,-2.11663818359375
2022-09-06,-1.26007080078125
2022-09-07,1.4077911376953125
2022-09-08,-1.4766998291015625
2022-09-09,2.8647613525390625
2022-09-12,5.9658050537109375
2022-09-13,-9.440933227539062
2022-09-14,1.4471435546875
2022-09-15,-2.8943328857421875
2022-09-16,-1.6440582275390625
2022-09-19,3.7212982177734375
2022-09-20,2.3823394775390625
2022-09-21,-3.130523681640625
2022-09-22,-0.96478271484375
2022-09-23,-2.274139404296875
2022-09-26,0.334747314453125
2022-09-27,0.9745941162109375
2022-09-28,-1.8901519775390625
2022-09-29,-7.2456207275390625
2022-09-30,-4.2134857177734375
2022-10-03,4.1839447021484375
2022-10-04,3.593292236328125
2022-10-05,0.295318603515625
2022-10-06,-0.9549407958984375
2022-10-07,-5.2570037841796875
2022-10-10,0.3249053955078125
2022-10-11,-1.417633056640625
2022-10-12,-0.6300506591796875
2022-10-13,4.5777587890625
2022-10-14,-4.53839111328125
2022-10-17,3.9673919677734375
2022-10-18,1.3191680908203125
2022-10-19,0.1082916259765625
2022-10-20,-0.4626922607421875
2022-10-21,3.8196868896484375
2022-10-24,2.1461181640625
2022-10-25,2.8451080322265625
2022-10-26,-2.94354248046875
2022-10-27,-4.4793243408203125
2022-10-28,10.770034790039062
2022-10-31,-2.36273193359375
2022-11-01,-2.6481781005859375
2022-11-02,-5.532684326171875
2022-11-03,-6.0543975830078125
2022-11-04,-0.2662353515625
2022-11-07,0.5324554443359375
2022-11-08,0.571929931640625
2022-11-09,-4.5655975341796875
2022-11-10,11.833099365234375
2022-11-11,2.7906646728515625
2022-11-14,-1.4002532958984375
2022-11-15,1.7355194091796875
2022-11-16,-1.2325897216796875
2022-11-17,1.903167724609375
2022-11-18,0.562042236328125
2022-11-21,-3.2343902587890625
2022-11-22,2.13983154296875
2022-11-23,0.877655029296875
2022-11-25,-2.9188690185546875
2022-11-28,-3.8358917236328125
2022-11-29,-3.007598876953125
2022-11-30,6.76458740234375
2022-12-01,0.2761077880859375
2022-12-02,-0.4930572509765625
2022-12-05,-1.1635589599609375
2022-12-06,-3.6682891845703125
2022-12-07,-1.942596435546875
2022-12-08,1.6862335205078125
2022-12-09,-0.4832000732421875
2022-12-12,2.2975921630859375
2022-12-13,0.96636962890625
2022-12-14,-2.2285614013671875
2022-12-15,-6.6166839599609375
2022-12-16,-1.9623260498046875
2022-12-19,-2.1102447509765625
2022-12-20,-0.06903076171875
2022-12-21,3.106201171875
2022-12-22,-3.1752471923828125
2022-12-23,-0.364837646484375
2022-12-27,-1.8045196533203125
2022-12-28,-3.9345245361327983
2022-12-29,3.5203704833984233
2022-12-30,0.3155059814453125
2023-01-03,-4.792388916015611
2023-01-04,1.2720565795898295
2023-01-05,-1.3213577270507812
2023-01-06,4.5360260009765625
2023-01-09,0.522613525390625
2023-01-10,0.57196044921875
2023-01-11,2.721588134765625
2023-01-12,-0.078857421875
2023-01-13,1.3311920166015625
2023-01-17,1.1636199951171875
2023-01-18,-0.7198638916015625
2023-01-19,0.0591888427734375
2023-01-20,2.563812255859375
2023-01-23,3.1949615478515625
2023-01-24,1.4002532958984375
2023-01-25,-0.660675048828125
2023-01-26,2.0707855224609375
2023-01-27,1.942596435546875
2023-01-30,-2.8892364501953125
2023-01-31,1.27203369140625
2023-02-01,1.1241302490234375
2023-02-02,5.3150787353515625
2023-02-03,3.6287994384765625
2023-02-06,-2.731475830078125
2023-02-07,2.8794097900390625
2023-02-08,-2.692047119140625
2023-02-09,-1.0354156494140625
2023-02-10,0.3654327392578125
2023-02-13,2.8047943115234375
2023-02-14,-0.64190673828125
2023-02-15,2.1035308837890625
2023-02-16,-1.5998992919921875
2023-02-17,-1.1456146240234375
2023-02-21,-4.0195159912109375
2023-02-22,0.424652099609375
2023-02-23,0.483917236328125
2023-02-24,-2.6566162109375
2023-02-27,1.1949920654296875
2023-02-28,-0.5036773681640625
2023-03-01,-2.073974609375
2023-03-02,0.5925750732421875
2023-03-03,5.056488037109375
2023-03-06,2.765289306640625
2023-03-07,-2.2023468017578125
2023-03-08,1.2542572021484375
2023-03-09,-2.251739501953125
2023-03-10,-2.064056396484375
2023-03-13,1.9455718994140625
2023-03-14,2.09368896484375
2023-03-15,0.3950653076171875
2023-03-16,2.8245391845703125
2023-03-17,-0.8394775390625
2023-03-20,2.3702239990234375
2023-03-21,1.8567047119140625
2023-03-22,-1.432037353515625
2023-03-23,1.0863800048828125
2023-03-24,1.3036041259765625
2023-03-27,-1.945556640625
2023-03-28,-0.622222900390625
2023-03-29,3.0813446044921875
2023-03-30,1.57025146484375
2023-03-31,2.5084991455078125
2023-04-03,1.2542724609375
2023-04-04,-0.533294677734375
2023-04-05,-1.8468017578125
2023-04-06,0.8888397216796875
2023-04-10,-2.5973968505859375
2023-04-11,-1.214752197265625
2023-04-12,-0.6912994384765625
2023-04-13,5.3922576904296875
2023-04-14,-0.3456268310546875
2023-04-17,0.019744873046875
2023-04-18,1.2245941162109375
2023-04-19,1.1456298828125
2023-04-20,-0.9678192138671875
2023-04-21,-1.6098175048828125
2023-04-24,0.30615234375
2023-04-25,-1.540618896484375
2023-04-26,-0.0098876953125
2023-04-27,4.592315673828125
2023-04-28,1.2542266845703125
2023-05-01,-0.0888519287109375
2023-05-02,-1.0369873046875
2023-05-03,-1.0764923095703125
2023-05-04,-1.6393890380859375
2023-05-05,7.683502197265625
2023-05-08,-0.069122314453125
2023-05-09,-1.70855712890625
2023-05-10,1.7678070068359375
2023-05-11,0.187652587890625
2023-05-12,-0.92962646484375
2023-05-15,-0.4945068359375
2023-05-16,0.0
2023-05-17,0.6131744384765625
2023-05-18,2.333953857421875
2023-05-19,0.108795166015625
2023-05-22,-0.949432373046875
2023-05-23,-2.6108551025390625
2023-05-24,0.27691650390625
2023-05-25,1.1373138427734375
2023-05-26,2.4130706787109375
2023-05-30,1.849365234375
2023-05-31,-0.0494537353515625
2023-06-01,2.8086395263671875
2023-06-02,0.85052490234375
2023-06-05,-1.3548736572265625
2023-06-06,-0.36590576171875
2023-06-07,-1.3746490478515625
2023-06-08,2.719635009765625
2023-06-09,0.3856964111328125
2023-06-12,2.7987670898437784
2023-06-13,-0.47471618652349434
2023-06-14,0.6329498291015909
2023-06-15,2.037246704101591
2023-06-16,-1.0779418945312784
2023-06-20,0.0889892578125
2023-06-21,-1.0383911132812216
2023-06-22,3.006454467773409
2023-06-23,-0.316497802734375
2023-06-26,-1.3944091796875284
2023-06-27,2.7591857910156534
2023-06-28,1.1768493652343466
2023-06-29,0.3362731933594034
2023-06-30,4.331634521484347
2023-07-03,-1.4933166503905966
2023-07-05,-1.1175537109375
2023-07-06,0.4747161865234375
2023-07-07,-1.117523193359375
2023-07-10,-2.047149658203125
2023-07-11,-0.524169921875
2023-07-12,1.67138671875
2023-07-13,0.7614898681640625
2023-07-14,0.148345947265625
2023-07-17,3.263595581054716
2023-07-18,-0.25712585449224434
2023-07-19,1.3548736572266193
2023-07-20,-1.948226928710966
2023-07-21,-1.1768951416015625
2023-07-24,0.8010406494140625
2023-07-25,0.8603973388671875
2023-07-26,0.87030029296875
2023-07-27,-1.265884399414091
2023-07-28,2.5811920166015625
2023-07-31,0.6131744384765909
2023-08-01,-0.8307342529296875
2023-08-02,-2.9965667724609375
2023-08-03,-1.3944244384765625
2023-08-04,-9.078704833984375
2023-08-07,-3.1053466796875
2023-08-08,0.93951416015625
2023-08-09,-1.5922393798828125
2023-08-10,-0.217559814453125
2023-08-11,0.0594024658203125
2023-08-14,1.65380859375
2023-08-15,-1.990509033203125
2023-08-16,-0.8714599609375
2023-08-17,-2.545074462890625
2023-08-18,0.485260009765625
2023-08-21,1.336883544921875
2023-08-22,1.37652587890625
2023-08-23,3.852264404296875
2023-08-24,-4.6940155029296875
2023-08-25,2.2083587646484375
2023-08-28,1.564697265625
2023-08-29,3.8918609619140625
2023-08-30,3.4957427978515625
2023-08-31,0.2178802490234375
2023-09-01,1.5746002197265625
2023-09-05,0.2376708984375
2023-09-06,-6.724151611328125
2023-09-07,-5.2981414794921875
2023-09-08,0.614013671875
2023-09-11,1.1685638427734375
2023-09-12,-3.0303192138671875
2023-09-13,-2.069732666015625
2023-09-14,1.515167236328125
2023-09-15,-0.722900390625
2023-09-18,2.9312591552734375
2023-09-19,1.089324951171875
2023-09-20,-3.5452728271484375
2023-09-21,-1.5448760986328125
2023-09-22,0.8516387939453125
2023-09-25,1.2775115966796875
2023-09-26,-4.08001708984375
2023-09-27,-1.515167236328125
2023-09-28,0.257476806640625
2023-09-29,0.5149688720703125
2023-10-02,2.515350341796875
2023-10-03,-1.3369140625
2023-10-04,1.247772216796875
2023-10-05,1.237884521484375
2023-10-06,2.5549774169921875
2023-10-09,1.485443115234375
2023-10-10,-0.5941619873046875
2023-10-11,1.39630126953125
2023-10-12,0.9011993408203125
2023-10-13,-1.841949462890625
2023-10-16,-0.128753662109375
2023-10-17,-1.5548095703125
2023-10-18,-1.297271728515625
2023-10-19,-0.376312255859375
2023-10-20,-2.5549468994140625
2023-10-23,0.11883544921875
2023-10-24,0.4357147216796875
2023-10-25,-2.317291259765625
2023-10-26,-4.1691741943359375
2023-10-27,1.3170928955078125
2023-10-30,2.0499114990234375
2023-10-31,0.475372314453125
2023-11-01,3.1689605712890625
2023-11-02,3.5650787353515625
2023-11-03,-0.9110870361328125
2023-11-06,2.554962158203125
2023-11-07,2.564910888671875
2023-11-08,1.0595855712890625
2023-11-09,-0.47531127929693184
2023-11-10,4.194458007812585
2023-11-13,-1.5865631103516193
2023-11-14,2.6178283691406534
2023-11-15,0.5652313232421875
2023-11-16,1.6857299804687784
2023-11-17,-0.01985168457034092
2023-11-20,1.745223999023409
2023-11-21,-0.8032073974609091
2023-11-22,0.664398193359375
2023-11-24,-1.328750610351534
2023-11-27,-0.17851257324221592
2023-11-28,0.6048889160156534
2023-11-29,-1.0213470458984943
2023-11-30,0.57513427734375
2023-12-01,1.2791748046875284
2023-12-04,-1.7948150634765625
2023-12-05,3.9564971923828125
2023-12-06,-1.0907440185546875
2023-12-07,1.933624267578125
2023-12-08,1.4279022216796875
2023-12-11,-2.5087432861328125
2023-12-12,1.5171661376953125
2023-12-13,3.222702026367216
2023-12-14,0.14874267578122158
2023-12-15,-0.5354614257812216
2023-12-18,-1.6659088134766193
2023-12-19,1.0411987304687216
2023-12-20,-2.092300415039034
2023-12-21,-0.14875793457028408
2023-12-22,-1.0709228515625
2023-12-26,-0.5453643798828125
2023-12-27,0.09915161132815342
2023-12-28,0.4264068603515341
2023-12-29,-1.0411987304687216
2024-01-02,-6.832183837890682
2024-01-03,-1.3783264160156534
2024-01-04,-2.320343017578068
2024-01-05,-0.7238616943359375
2024-01-08,4.343231201171903
2024-01-09,-0.41650390625
2024-01-10,1.0411987304687216
2024-01-11,-0.5949554443359375
2024-01-12,0.3272247314453409
2024-01-16,-2.270767211914091
2024-01-17,-0.9420318603515625
2024-01-18,5.9000396728515625
2024-01-19,2.905410766601591
2024-01-22,2.3104400634764772
2024-01-23,1.2791595458984943
2024-01-24,-0.6742706298828409
2024-01-25,-0.3272247314452841
2024-01-26,-1.735305786132841
2024-01-29,-0.6842346191405966
2024-01-30,-3.6590270996094034
2024-01-31,-3.609420776367159
2024-02-01,2.4393463134765625
2024-02-02,-1.0015106201171875
2024-02-05,1.81463623046875
2024-02-06,1.6063690185546875
2024-02-07,0.10908508300778408
2024-02-08,-1.0808410644530682
2024-02-09,0.7645111083984375
2024-02-12,-1.687881469726591
2024-02-13,-2.094970703125
2024-02-14,-0.8836517333984091
2024-02-15,-0.2879028320312784
2024-02-16,-1.5389556884765625
2024-02-20,-0.744659423828125
2024-02-21,0.7545928955078125
2024-02-22,2.035354614257841
2024-02-23,-1.8367767333984943
2024-02-26,-1.3503112792968466
2024-02-27,1.459518432617216
2024-02-28,-1.2013854980469034
2024-02-29,-0.6652069091796875
2024-03-01,-1.0822296142578125
2024-03-04,-4.527496337890625
2024-03-05,-4.9445037841796875
2024-03-06,-0.99285888671875
2024-03-07,-0.119140625
2024-03-08,1.7176513671875
2024-03-11,2.0055999755859375
2024-03-12,0.4765777587890625
2024-03-13,-2.0850067138671875
2024-03-14,1.8566741943359375
2024-03-15,-0.3773193359375
2024-03-18,1.0921630859375
2024-03-19,2.343170166015625
2024-03-20,2.5715484619140625
2024-03-21,-7.247955322265625
2024-03-22,0.90350341796875
2024-03-25,-1.4197845458984375
2024-03-26,-1.1318817138671875
2024-03-27,3.574310302734375
2024-03-28,-1.81695556640625
2024-04-01,-1.43963623046875
2024-04-02,-1.1815185546875
2024-04-03,0.80419921875
2024-04-04,-0.8240509033203125
2024-04-05,0.7545623779296875
2024-04-08,-1.1219329833984375
2024-04-09,1.2113037109375
2024-04-10,-1.87652587890625
2024-04-11,7.2082366943359375
2024-04-12,1.499237060546875
2024-04-15,-3.832489013671875
2024-04-16,-3.2863922119140625
2024-04-17,-1.370147705078125
2024-04-18,-0.95318603515625
2024-04-19,-2.0254364013671875
2024-04-22,0.8339996337890625
2024-04-23,1.0524444580078125
2024-04-24,2.104888916015625
2024-04-25,0.8637847900390625
2024-04-26,-0.585784912109375
2024-04-29,4.1700592041015625
2024-04-30,-3.14739990234375
2024-05-01,-1.0226593017578125
2024-05-02,3.703399658203125
2024-05-03,10.276214599609375
2024-05-06,-1.6580657958984375
2024-05-07,0.685028076171875
2024-05-08,0.3376007080078125
2024-05-09,1.81695556640625
2024-05-10,-1.2626495361328125
2024-05-13,3.2113037109375
2024-05-14,1.143341064453125
2024-05-15,2.2767791748046875
2024-05-16,0.11929321289059658
2024-05-17,0.02983093261721592
2024-05-20,1.163223266601591
2024-05-21,1.302444458007784
2024-05-22,-1.4416351318359375
2024-05-23,-3.9967346191406534
2024-05-24,3.082061767578125
2024-05-28,0.009948730468778422
2024-05-29,0.2982635498046875
2024-05-30,0.99420166015625
2024-05-31,0.9544525146484375
2024-06-03,1.7697296142578125
2024-06-04,0.318145751953125
2024-06-05,1.511199951171875
2024-06-06,-1.3819580078125
2024-06-07,2.396041870117159
2024-06-10,-3.7481689453124716
2024-06-11,13.948852539062472
2024-06-12,5.885757446289091
2024-06-13,1.1632385253905966
2024-06-14,-1.7398681640624716
2024-06-17,4.15582275390625
2024-06-18,-2.366241455078125
2024-06-20,-4.5833587646484375
2024-06-21,-2.17730712890625
2024-06-24,0.646240234375
2024-06-25,0.9246368408203125
2024-06-26,4.1558074951171875
2024-06-27,0.8450775146484091
2024-06-28,-3.459884643554659
2024-07-01,6.0945587158203125
2024-07-02,3.4996490478515057
2024-07-03,1.2725830078125853
2024-07-05,4.7623138427734375
2024-07-08,1.4714508056639772
2024-07-09,0.8550109863281818
2024-07-10,4.275115966796875
2024-07-11,-5.378707885742216
2024-07-12,2.952835083007841
2024-07-15,3.837677001953125
2024-07-16,0.4175872802734375
2024-07-17,-5.9056549072265625
2024-07-18,-4.6728363037109375
2024-07-19,0.1292572021484375
2024-07-22,-0.3479766845702841
2024-07-23,1.043930053710909
2024-07-24,-6.432586669921875
2024-07-25,-1.043930053710909
2024-07-26,0.46728515625
2024-07-29,0.2783660888671591
2024-07-30,0.5567779541015625
2024-07-31,3.2610321044921875
2024-08-01,-3.698486328125
2024-08-02,1.4913177490234375
2024-08-05,-10.52874755859375
2024-08-06,-2.0281982421875
2024-08-07,2.5750274658203125
2024-08-08,3.469818115234375
2024-08-09,2.9130706787109375
2024-08-12,1.5328369140625
2024-08-13,3.722686767578125
2024-08-14,0.4479064941405966
2024-08-15,2.9861145019531534
2024-08-16,1.323837280273409
2024-08-19,-0.15927124023434658
2024-08-20,0.61712646484375
2024-08-21,-0.10948181152340908
2024-08-22,-1.861328125
2024-08-23,2.2992858886718466
2024-08-26,0.3384246826172159
2024-08-27,0.8460693359374147
2024-08-28,-1.5328674316405682
2024-08-29,3.2846984863280966
2024-08-30,-0.7863159179687216
2024-09-03,-6.201141357421875
2024-09-04,-1.911117553710909
2024-09-05,1.522918701171875
2024-09-06,-1.5527648925781534
2024-09-09,0.089569091796875
2024-09-10,-0.7962951660156534
2024-09-11,2.538192749023466
2024-09-12,0.1094970703125
2024-09-13,-0.26876831054693184
2024-09-16,-6.151351928710881
2024-09-17,0.4677886962890625
2024-09-18,3.8819427490234375
2024-09-19,8.142120361328125
2024-09-20,-0.6669158935546875
2024-09-23,-1.721954345703125
2024-09-24,0.89581298828125
2024-09-25,-0.9953765869140625
2024-09-26,1.1446990966796875
2024-09-27,0.2687225341796875
2024-09-30,5.185882568359403
2024-10-01,-6.758544921875057
2024-10-02,0.5673522949219034
2024-10-03,-1.1048583984375
2024-10-04,1.124771118164034
2024-10-07,-5.086334228515625
2024-10-08,4.061126708984347
2024-10-09,3.7525024414063353
2024-10-10,-0.4976806640625284
2024-10-11,-1.4830780029296875
2024-10-14,3.7326049804687216
2024-10-15,2.5382080078125284
2024-10-16,-2.0604400634765625
2024-10-17,0.3683013916015625
2024-10-18,2.8367919921875284
2024-10-21,1.47314453125
2024-10-22,-0.6171112060547159
2024-10-23,-5.076385498046847
2024-10-24,-0.18911743164068184
2024-10-25,0.8361206054687784
2024-10-28,1.9807586669921875
2024-10-29,0.2687530517578125
2024-10-30,-3.5534515380859375
2024-10-31,-4.17059326171875
2024-11-01,-2.986099243164091
2024-11-04,-0.8958282470702841
2024-11-05,1.4333038330078125
2024-11-06,-0.726593017578125
2024-11-07,4.737945556640597
2024-11-08,-0.26904296875
2024-11-11,-2.720352172851534
2024-11-12,0.0
2024-11-13,0.8868408203125
2024-11-14,3.0890655517578125
2024-11-15,-3.2086181640625
2024-11-18,3.0093231201171875
2024-11-19,0.2590484619140625
2024-11-20,0.7174835205077841
2024-11-21,-0.47830200195306816
2024-11-22,1.345199584960909
2024-11-25,2.9893951416015625
2024-11-26,2.1822662353515625
2024-11-27,-0.1295623779296875
2024-11-29,2.3915405273437784
2024-12-02,2.2519836425780966
2024-12-03,3.049179077148466
2024-12-04,0.3587341308593466
2024-12-05,0.0298919677734375
2024-12-06,-0.19929504394536934
2024-12-09,3.8961639404297443
2024-12-10,1.0163879394530966
2024-12-11,-1.2754516601562216
2024-12-12,1.46478271484375
2024-12-13,0.16941833496090908
2024-12-16,2.899673461914091
2024-12-17,2.431381225585909
2024-12-18,-5.410781860351534
2024-12-19,1.7338256835937784
2024-12-20,4.683380126953097
2024-12-23,0.7772369384765625
2024-12-24,2.919677734375
2024-12-26,0.817047119140625
2024-12-27,-3.4178619384765625
2024-12-30,-3.3779907226562216
2024-12-31,-1.773696899414091
